{
  "cv_rmse": 3.705585595073373,
  "cv_r2": 0.8301631246415075,
  "train_rmse": 1.4131085824711627,
  "train_r2": 0.9768699212475122
}