{
  "cv_rmse": 3.4960015220222638,
  "cv_r2": 0.8519765704691012,
  "train_rmse": 1.2913462993411702,
  "train_r2": 0.9802465762584995
}